{
    "train": {
        "loss": 0.08636543899774551,
        "acc": 0.9729499816894531
    },
    "eval": {
        "loss": 0.04868151992559433,
        "acc": 0.983299970626831
    },
    "step": 5
}