{
    "train": {
        "loss": 0.04496472701430321,
        "acc": 0.9850666522979736
    },
    "eval": {
        "loss": 0.03695603460073471,
        "acc": 0.9868999719619751
    },
    "step": 6
}