{
    "train": {
        "loss": 0.14083260297775269,
        "acc": 0.9560999870300293
    },
    "eval": {
        "loss": 0.07694806903600693,
        "acc": 0.9775000214576721
    },
    "step": 2
}