{
    "train": {
        "loss": 0.08758455514907837,
        "acc": 0.9734333157539368
    },
    "eval": {
        "loss": 0.053478412330150604,
        "acc": 0.9819999933242798
    },
    "step": 2
}