{
    "train": {
        "loss": 0.06227724999189377,
        "acc": 0.9800999760627747
    },
    "eval": {
        "loss": 0.04051356017589569,
        "acc": 0.986299991607666
    },
    "step": 4
}