{
    "train": {
        "loss": 0.12380722910165787,
        "acc": 0.9610499739646912
    },
    "eval": {
        "loss": 0.06939858943223953,
        "acc": 0.9794999957084656
    },
    "step": 3
}