{
    "train": {
        "loss": 0.03293256461620331,
        "acc": 0.9891999959945679
    },
    "eval": {
        "loss": 0.034552305936813354,
        "acc": 0.9884999990463257
    },
    "step": 9
}