{
    "train": {
        "loss": 0.08184705674648285,
        "acc": 0.9746666550636292
    },
    "eval": {
        "loss": 0.04878968372941017,
        "acc": 0.9842000007629395
    },
    "step": 6
}