{
    "train": {
        "loss": 0.03836014121770859,
        "acc": 0.987583339214325
    },
    "eval": {
        "loss": 0.03456048294901848,
        "acc": 0.987500011920929
    },
    "step": 9
}