{
    "train": {
        "loss": 0.06490415334701538,
        "acc": 0.9784833192825317
    },
    "eval": {
        "loss": 0.041308190673589706,
        "acc": 0.9861000180244446
    },
    "step": 9
}