step	eval/acc
0	0.9592999815940857
1	0.9726999998092651
2	0.9782000184059143
3	0.9793999791145325
4	0.9818999767303467
5	0.9835000038146973
6	0.9843000173568726
7	0.9848999977111816
8	0.9860000014305115
9	0.9861000180244446
