step	eval/acc
0	0.9653000235557556
1	0.9742000102996826
2	0.9815999865531921
3	0.9840999841690063
4	0.986299991607666
