step	eval/acc
0	0.9595000147819519
1	0.9711999893188477
2	0.9775000214576721
3	0.9803000092506409
4	0.9817000031471252
5	0.9828000068664551
6	0.9842000007629395
