step	eval/acc
0	0.944100022315979
1	0.9708999991416931
2	0.9775000214576721
