step	eval/acc
0	0.9638000130653381
1	0.9775999784469604
2	0.9812999963760376
3	0.9836000204086304
4	0.9850000143051147
5	0.9855999946594238
6	0.987500011920929
7	0.9871000051498413
8	0.9871000051498413
9	0.987500011920929
