step	eval/acc
0	0.9675999879837036
1	0.9758999943733215
2	0.9828000068664551
3	0.9848999977111816
4	0.9865999817848206
5	0.9865999817848206
6	0.9869999885559082
7	0.9868999719619751
8	0.986299991607666
9	0.9884999990463257
