step	eval/acc
0	0.9697999954223633
1	0.9790999889373779
2	0.9819999933242798
