step	eval/acc
0	0.9593999981880188
1	0.972000002861023
2	0.977400004863739
3	0.9787999987602234
4	0.9822999835014343
5	0.983299970626831
