step	eval/acc
0	0.9697999954223633
1	0.9781000018119812
2	0.9814000129699707
3	0.9836999773979187
4	0.9843999743461609
5	0.9865999817848206
6	0.9868999719619751
