step	eval/acc
0	0.9531000256538391
1	0.9692999720573425
2	0.9728999733924866
3	0.9794999957084656
