step	eval/loss
0	0.09986604750156403
1	0.06448157131671906
2	0.053478412330150604
