step	eval/loss
0	0.12104515731334686
1	0.07436352223157883
2	0.05930621176958084
3	0.05141251161694527
4	0.043754011392593384
5	0.042149633169174194
6	0.037830282002687454
7	0.037564631551504135
8	0.03823110833764076
9	0.03456048294901848
