step	eval/loss
0	0.17842401564121246
1	0.10170172899961472
2	0.07694806903600693
