step	eval/loss
0	0.13212716579437256
1	0.08732086420059204
2	0.07181289047002792
3	0.06078677996993065
4	0.05383951589465141
5	0.05312320590019226
6	0.04878968372941017
