step	eval/loss
0	0.10636819899082184
1	0.07739580422639847
2	0.05375893414020538
3	0.04600171372294426
4	0.0418386273086071
5	0.039734791964292526
6	0.03692334517836571
7	0.0365162119269371
8	0.040266554802656174
9	0.034552305936813354
