step	eval/loss
0	0.11374163627624512
1	0.07574131339788437
2	0.056326426565647125
3	0.047852762043476105
4	0.04051356017589569
