step	eval/loss
0	0.16000834107398987
1	0.10192593187093735
2	0.08516982942819595
3	0.06939858943223953
