step	eval/loss
0	0.10901495069265366
1	0.06713949143886566
2	0.05637788772583008
3	0.04797868803143501
4	0.04287109524011612
5	0.040106166154146194
6	0.03695603460073471
