step	eval/loss
0	0.12940315902233124
1	0.08830596506595612
2	0.07149634510278702
3	0.06364189088344574
4	0.052992094308137894
5	0.0483921580016613
6	0.04794836789369583
7	0.04208865016698837
8	0.04002230986952782
9	0.041308190673589706
