step	eval/loss
0	0.14395076036453247
1	0.09786014258861542
2	0.07183029502630234
3	0.06575330346822739
4	0.05340125039219856
5	0.04868151992559433
