step	train/acc
0	0.8794500231742859
1	0.9437166452407837
2	0.9575833082199097
3	0.9645000100135803
4	0.9691166877746582
5	0.9729499816894531
