step	train/acc
0	0.9053000211715698
1	0.9589833617210388
2	0.9680500030517578
3	0.9749500155448914
4	0.9779000282287598
5	0.9808666706085205
6	0.9830999970436096
7	0.9838666915893555
8	0.9859833121299744
9	0.987583339214325
