step	train/acc
0	0.8865666389465332
1	0.9474666714668274
2	0.9579499959945679
3	0.9625666737556458
4	0.9690999984741211
5	0.9710000157356262
6	0.973633348941803
7	0.9761499762535095
8	0.9779999852180481
9	0.9784833192825317
