step	train/acc
0	0.8767499923706055
1	0.9394833445549011
2	0.9525333046913147
3	0.9610499739646912
