step	train/acc
0	0.916100025177002
1	0.9655500054359436
2	0.9734333157539368
