step	train/acc
0	0.9112666845321655
1	0.9631999731063843
2	0.9728500247001648
3	0.977733314037323
4	0.9800999760627747
