step	train/acc
0	0.9158666729927063
1	0.9657833576202393
2	0.9741666913032532
3	0.9784166812896729
4	0.9818833470344543
5	0.9845166802406311
6	0.9850666522979736
