step	train/acc
0	0.9142166376113892
1	0.963450014591217
2	0.9726999998092651
3	0.977566659450531
4	0.9801499843597412
5	0.9828500151634216
6	0.98580002784729
7	0.9861166477203369
8	0.9873166680335999
9	0.9891999959945679
