step	train/acc
0	0.8737666606903076
1	0.9418833255767822
2	0.9560999870300293
