step	train/acc
0	0.8938000202178955
1	0.947950005531311
2	0.9574666619300842
3	0.9641166925430298
4	0.9678999781608582
5	0.9710500240325928
6	0.9746666550636292
