step	train/loss
0	0.28852054476737976
1	0.11988703161478043
2	0.09019572287797928
3	0.07206392288208008
4	0.062284860759973526
5	0.05330874025821686
6	0.04565957188606262
7	0.04293006658554077
8	0.037279531359672546
9	0.03293256461620331
