step	train/loss
0	0.4171864688396454
1	0.19282665848731995
2	0.14083260297775269
