step	train/loss
0	0.32230305671691895
1	0.135799840092659
2	0.10191482305526733
3	0.08270281553268433
4	0.07031223922967911
5	0.061246514320373535
6	0.052987199276685715
7	0.04891161620616913
8	0.041884180158376694
9	0.03836014121770859
