step	train/loss
0	0.3021872043609619
1	0.12038876116275787
2	0.08989422023296356
3	0.07155757397413254
4	0.06227724999189377
