step	train/loss
0	0.3816629946231842
1	0.1722429096698761
2	0.13551124930381775
3	0.11839670687913895
4	0.1001526415348053
5	0.0916869267821312
6	0.08190152794122696
7	0.07516065984964371
8	0.06819301843643188
9	0.06490415334701538
