step	train/loss
0	0.2921132445335388
1	0.11350793391466141
2	0.08475036174058914
3	0.06934000551700592
4	0.05869206786155701
5	0.048472169786691666
6	0.04496472701430321
