step	train/loss
0	0.29148778319358826
1	0.11509960889816284
2	0.08758455514907837
