step	train/loss
0	0.35818952322006226
1	0.16935184597969055
2	0.13682764768600464
3	0.11512114852666855
4	0.10426425188779831
5	0.09217958897352219
6	0.08184705674648285
