step	train/loss
0	0.40301215648651123
1	0.18435831367969513
2	0.13848772644996643
3	0.11643235385417938
4	0.09985703229904175
5	0.08636543899774551
