step	train/loss
0	0.41021814942359924
1	0.1997797191143036
2	0.15111187100410461
3	0.12380722910165787
